url_path,views_total,views_unique
/privacysandbox/privacy-sandbox-demos,424,207
/privacysandbox/privacy-sandbox-demos/pulls,122,15
/privacysandbox/privacy-sandbox-demos/issues,81,40
/privacysandbox/privacy-sandbox-demos/tree/dev,38,10
/privacysandbox/privacy-sandbox-demos/pull/590,38,6
/privacysandbox/privacy-sandbox-demos/pull/612,21,6
/privacysandbox/privacy-sandbox-demos/pull/594,20,6
/privacysandbox/privacy-sandbox-demos/pull/612/files,20,6
/privacysandbox/privacy-sandbox-demos/pull/381,20,1
/privacysandbox/privacy-sandbox-demos/tree/main/services,19,13
